peptide,allele,score,percentile_rank
MFVFLVLLP,HLA-A*02:01,0.00013,31
FVFLVLLPL,HLA-A*02:01,0.0469,2.2
VFLVLLPLV,HLA-A*02:01,0.00903,5.2
FLVLLPLVS,HLA-A*02:01,0.0137,4.3
LVLLPLVSS,HLA-A*02:01,0.00392,7.7
VLLPLVSSQ,HLA-A*02:01,0.00919,5.2
LLPLVSSQC,HLA-A*02:01,0.0221,3.4
LPLVSSQCV,HLA-A*02:01,0.000288,23
PLVSSQCVN,HLA-A*02:01,3e-06,82
LVSSQCVNL,HLA-A*02:01,0.0255,3.1
VSSQCVNLT,HLA-A*02:01,0.000115,32
SSQCVNLTT,HLA-A*02:01,0.00017,28
SQCVNLTTR,HLA-A*02:01,0.00105,14
QCVNLTTRT,HLA-A*02:01,6e-05,40
CVNLTTRTQ,HLA-A*02:01,4.9e-05,43
VNLTTRTQL,HLA-A*02:01,0.000706,16
NLTTRTQLP,HLA-A*02:01,0.000716,16
LTTRTQLPP,HLA-A*02:01,6.4e-05,39
TTRTQLPPA,HLA-A*02:01,0.00196,11
TRTQLPPAY,HLA-A*02:01,0.000361,21
RTQLPPAYT,HLA-A*02:01,0.00295,8.7
TQLPPAYTN,HLA-A*02:01,0.000454,20
QLPPAYTNS,HLA-A*02:01,0.00652,6.1
LPPAYTNSF,HLA-A*02:01,0.000279,23
PPAYTNSFT,HLA-A*02:01,2e-06,87
PAYTNSFTR,HLA-A*02:01,0.000162,29
AYTNSFTRG,HLA-A*02:01,4e-06,78
YTNSFTRGV,HLA-A*02:01,0.122,1.2
TNSFTRGVY,HLA-A*02:01,1.3e-05,62
NSFTRGVYY,HLA-A*02:01,0.000427,20
SFTRGVYYP,HLA-A*02:01,0.000205,26
FTRGVYYPD,HLA-A*02:01,1.2e-05,63
TRGVYYPDK,HLA-A*02:01,6e-06,73
RGVYYPDKV,HLA-A*02:01,0.00106,14
GVYYPDKVF,HLA-A*02:01,0.00259,9.2
VYYPDKVFR,HLA-A*02:01,0.00123,13
YYPDKVFRS,HLA-A*02:01,0.001,14
YPDKVFRSS,HLA-A*02:01,0.000383,21
PDKVFRSSV,HLA-A*02:01,8e-06,69
DKVFRSSVL,HLA-A*02:01,2.4e-05,53
KVFRSSVLH,HLA-A*02:01,0.00155,12
VFRSSVLHS,HLA-A*02:01,0.000102,34
FRSSVLHST,HLA-A*02:01,0.00103,14
RSSVLHSTQ,HLA-A*02:01,4.8e-05,43
SSVLHSTQD,HLA-A*02:01,1e-05,66
SVLHSTQDL,HLA-A*02:01,0.0241,3.2
VLHSTQDLF,HLA-A*02:01,0.0183,3.7
LHSTQDLFL,HLA-A*02:01,0.000455,20
HSTQDLFLP,HLA-A*02:01,0.000174,28
STQDLFLPF,HLA-A*02:01,0.00394,7.7
